job_title,skills
Data Analyst,"python sql excel pandas numpy power bi statistics"
Data Scientist,"python sql pandas numpy machine learning scikit-learn statistics"
Data Engineer,"python sql hadoop spark etl aws mongodb"
Machine Learning Engineer,"python machine learning deep learning tensorflow pytorch scikit-learn"
AI Engineer,"python artificial intelligence machine learning deep learning nlp tensorflow"
Python Developer,"python flask django sql git github"
Business Analyst,"sql excel power bi tableau statistics"
Web Developer,"html css javascript python flask git github"
NLP Engineer,"python nlp machine learning deep learning tensorflow"
Cloud Data Engineer,"python sql spark etl aws azure"